{
	"info": {
		"_postman_id": "2b5be59d-fb1c-4f75-a399-30923f869861",
		"name": "New Collection",
		"schema": "https://schema.getpostman.com/json/collection/v2.1.0/collection.json",
		"_exporter_id": "26701939",
		"_collection_link": "https://www.postman.com/aerospace-astronaut-54113336/workspace/assignment/collection/26701939-2b5be59d-fb1c-4f75-a399-30923f869861?action=share&source=collection_link&creator=26701939"
	},
	"item": [
		{
			"name": "http://3.228.97.110:9000/api",
			"request": {
				"method": "POST",
				"header": [
					{
						"key": "Accept-Language",
						"value": "en-IN,en-GB;q=0.9,en-US;q=0.8,en;q=0.7,te;q=0.6,hi;q=0.5"
					},
					{
						"key": "Connection",
						"value": "keep-alive"
					},
					{
						"key": "Content-Type",
						"value": "application/json"
					},
					{
						"key": "Origin",
						"value": "http://3.228.97.110:9000"
					},
					{
						"key": "Referer",
						"value": "http://3.228.97.110:9000/docs"
					},
					{
						"key": "User-Agent",
						"value": "Mozilla/5.0 (Windows NT 10.0; Win64; x64) AppleWebKit/537.36 (KHTML, like Gecko) Chrome/116.0.0.0 Safari/537.36"
					},
					{
						"key": "accept",
						"value": "application/json"
					}
				],
				"body": {
					"mode": "raw",
					"raw": "{\n  \"email\": \"bhavya@ez.works\"\n}"
				},
				"url": {
					"raw": "http://3.228.97.110:9000/api",
					"protocol": "http",
					"host": [
						"3",
						"228",
						"97",
						"110"
					],
					"port": "9000",
					"path": [
						"api"
					]
				}
			},
			"response": []
		},
		{
			"name": "http://3.228.97.110:9000/api",
			"request": {
				"method": "POST",
				"header": [
					{
						"key": "Accept-Language",
						"value": "en-IN,en-GB;q=0.9,en-US;q=0.8,en;q=0.7,te;q=0.6,hi;q=0.5"
					},
					{
						"key": "Connection",
						"value": "keep-alive"
					},
					{
						"key": "Content-Type",
						"value": "application/json"
					},
					{
						"key": "Origin",
						"value": "http://3.228.97.110:9000"
					},
					{
						"key": "Referer",
						"value": "http://3.228.97.110:9000/docs"
					},
					{
						"key": "User-Agent",
						"value": "Mozilla/5.0 (Windows NT 10.0; Win64; x64) AppleWebKit/537.36 (KHTML, like Gecko) Chrome/116.0.0.0 Safari/537.36"
					},
					{
						"key": "accept",
						"value": "application/json"
					}
				],
				"body": {
					"mode": "raw",
					"raw": "{\n  \"email\": \"bhavya@abc.com\"\n}"
				},
				"url": {
					"raw": "http://3.228.97.110:9000/api",
					"protocol": "http",
					"host": [
						"3",
						"228",
						"97",
						"110"
					],
					"port": "9000",
					"path": [
						"api"
					]
				}
			},
			"response": []
		}
	]
}